[
  { "name": "Katarzyna Antczak", "flag": "pl", "flagUrl": "https://image.singular.live/b11e7cd2b2b32fdd0afb161e573d4e05/images/3sNYhqs13j8Rk2OzCOwToB_w160h100.png" },
  { "name": "Carlos Arbos Gignard", "flag": "fr", "flagUrl": "https://image.singular.live/b11e7cd2b2b32fdd0afb161e573d4e05/images/2F3OSBTSkGYFkBvSJ9DpZK_w160h107.png" },
  { "name": "Álvaro Azofra de Rivas", "flag": "es", "flagUrl": "https://image.singular.live/b11e7cd2b2b32fdd0afb161e573d4e05/images/08hIi5NC3yLkMlQ0kSzlgT_w160h107.png" },
  { "name": "Neil Balmforth", "flag": "gb", "flagUrl": "https://image.singular.live/b11e7cd2b2b32fdd0afb161e573d4e05/images/1Y5OyyJ2xVCo4SIHXIkrLy_w160h80.png" },
  { "name": "Mateusz Balwierz", "flag": "pl", "flagUrl": "https://image.singular.live/b11e7cd2b2b32fdd0afb161e573d4e05/images/3sNYhqs13j8Rk2OzCOwToB_w160h100.png" },
  { "name": "Nicolas Berodt", "flag": "lu", "flagUrl": "https://image.singular.live/b11e7cd2b2b32fdd0afb161e573d4e05/images/3dMu0jM7nPctbhcOwretPk_w160h96.png" },
  { "name": "Gianluca Cappiello", "flag": "it", "flagUrl": "https://image.singular.live/b11e7cd2b2b32fdd0afb161e573d4e05/images/5MOF4U3ogVnv1mKM3oJd7F_w160h107.png" },
  { "name": "Tracy Compton", "flag": "gb", "flagUrl": "https://image.singular.live/b11e7cd2b2b32fdd0afb161e573d4e05/images/1Y5OyyJ2xVCo4SIHXIkrLy_w160h80.png" },
  { "name": "John Connolly", "flag": "ie", "flagUrl": "https://image.singular.live/b11e7cd2b2b32fdd0afb161e573d4e05/images/3Yyt852YZZrL6f29auWF6g_w160h80.png" },
  { "name": "Liz Conzemius", "flag": "lu", "flagUrl": "https://image.singular.live/b11e7cd2b2b32fdd0afb161e573d4e05/images/3dMu0jM7nPctbhcOwretPk_w160h96.png" },
  { "name": "Renzo Del cont", "flag": "it", "flagUrl": "https://image.singular.live/b11e7cd2b2b32fdd0afb161e573d4e05/images/5MOF4U3ogVnv1mKM3oJd7F_w160h107.png" },
  { "name": "Delphine Deschamps", "flag": "fr", "flagUrl": "https://image.singular.live/b11e7cd2b2b32fdd0afb161e573d4e05/images/2F3OSBTSkGYFkBvSJ9DpZK_w160h107.png" },
  { "name": "Doris Finley", "flag": "ie", "flagUrl": "https://image.singular.live/b11e7cd2b2b32fdd0afb161e573d4e05/images/3Yyt852YZZrL6f29auWF6g_w160h80.png" },
  { "name": "Marini Gianluca", "flag": "it", "flagUrl": "https://image.singular.live/b11e7cd2b2b32fdd0afb161e573d4e05/images/5MOF4U3ogVnv1mKM3oJd7F_w160h107.png" },
  { "name": "Magdalena Giecewicz", "flag": "pl", "flagUrl": "https://image.singular.live/b11e7cd2b2b32fdd0afb161e573d4e05/images/3sNYhqs13j8Rk2OzCOwToB_w160h100.png" },
  { "name": "Bianka Graeming", "flag": "de", "flagUrl": "https://image.singular.live/b11e7cd2b2b32fdd0afb161e573d4e05/images/1SJeT6groIhCfaiyWWdATh_w160h96.png" },
  { "name": "Dana Granowski", "flag": "de", "flagUrl": "https://image.singular.live/b11e7cd2b2b32fdd0afb161e573d4e05/images/1SJeT6groIhCfaiyWWdATh_w160h96.png" },
  { "name": "Jari Gusev", "flag": "fi", "flagUrl": "https://image.singular.live/b11e7cd2b2b32fdd0afb161e573d4e05/images/44WYqTMWgSjM8mLQ4TOgvP_w160h98.png" },
  { "name": "Zbigniew Haftka", "flag": "pl", "flagUrl": "https://image.singular.live/b11e7cd2b2b32fdd0afb161e573d4e05/images/3sNYhqs13j8Rk2OzCOwToB_w160h100.png" },
  { "name": "Stuart Haxell", "flag": "ie", "flagUrl": "https://image.singular.live/b11e7cd2b2b32fdd0afb161e573d4e05/images/3Yyt852YZZrL6f29auWF6g_w160h80.png" },
  { "name": "Ewan Hayward", "flag": "gb", "flagUrl": "https://image.singular.live/b11e7cd2b2b32fdd0afb161e573d4e05/images/1Y5OyyJ2xVCo4SIHXIkrLy_w160h80.png" },
  { "name": "Marta Hiniesto Munos", "flag": "es", "flagUrl": "https://image.singular.live/b11e7cd2b2b32fdd0afb161e573d4e05/images/08hIi5NC3yLkMlQ0kSzlgT_w160h107.png" },
  { "name": "Damian Hortecki", "flag": "pl", "flagUrl": "https://image.singular.live/b11e7cd2b2b32fdd0afb161e573d4e05/images/3sNYhqs13j8Rk2OzCOwToB_w160h100.png" },
  { "name": "Jani Kallunki", "flag": "fi", "flagUrl": "https://image.singular.live/b11e7cd2b2b32fdd0afb161e573d4e05/images/44WYqTMWgSjM8mLQ4TOgvP_w160h98.png" },
  { "name": "Simone Kaminski", "flag": "de", "flagUrl": "https://image.singular.live/b11e7cd2b2b32fdd0afb161e573d4e05/images/1SJeT6groIhCfaiyWWdATh_w160h96.png" },
  { "name": "Aleksandra Karakula", "flag": "pl", "flagUrl": "https://image.singular.live/b11e7cd2b2b32fdd0afb161e573d4e05/images/3sNYhqs13j8Rk2OzCOwToB_w160h100.png" },
  { "name": "Vinny Keane", "flag": "ie", "flagUrl": "https://image.singular.live/b11e7cd2b2b32fdd0afb161e573d4e05/images/3Yyt852YZZrL6f29auWF6g_w160h80.png" },
  { "name": "Anniina Laamanen", "flag": "fi", "flagUrl": "https://image.singular.live/b11e7cd2b2b32fdd0afb161e573d4e05/images/44WYqTMWgSjM8mLQ4TOgvP_w160h98.png" },
  { "name": "Kirstin Linck", "flag": "de", "flagUrl": "https://image.singular.live/b11e7cd2b2b32fdd0afb161e573d4e05/images/1SJeT6groIhCfaiyWWdATh_w160h96.png" },
  { "name": "Michael Loeffler", "flag": "de", "flagUrl": "https://image.singular.live/b11e7cd2b2b32fdd0afb161e573d4e05/images/1SJeT6groIhCfaiyWWdATh_w160h96.png" },
  { "name": "Andrea Logan", "flag": "gb", "flagUrl": "https://image.singular.live/b11e7cd2b2b32fdd0afb161e573d4e05/images/1Y5OyyJ2xVCo4SIHXIkrLy_w160h80.png" },
  { "name": "Kamilla Malak", "flag": "pl", "flagUrl": "https://image.singular.live/b11e7cd2b2b32fdd0afb161e573d4e05/images/3sNYhqs13j8Rk2OzCOwToB_w160h100.png" },
  { "name": "Michał Orchowski", "flag": "pl", "flagUrl": "https://image.singular.live/b11e7cd2b2b32fdd0afb161e573d4e05/images/3sNYhqs13j8Rk2OzCOwToB_w160h100.png" },
  { "name": "Ainhoa Oroquieta", "flag": "es", "flagUrl": "https://image.singular.live/b11e7cd2b2b32fdd0afb161e573d4e05/images/08hIi5NC3yLkMlQ0kSzlgT_w160h107.png" },
  { "name": "Luca Peruzzo", "flag": "it", "flagUrl": "https://image.singular.live/b11e7cd2b2b32fdd0afb161e573d4e05/images/5MOF4U3ogVnv1mKM3oJd7F_w160h107.png" },
  { "name": "Rosa Daniela Pierri", "flag": "it", "flagUrl": "https://image.singular.live/b11e7cd2b2b32fdd0afb161e573d4e05/images/5MOF4U3ogVnv1mKM3oJd7F_w160h107.png" },
  { "name": "Katarzyna Pietruszyńska", "flag": "pl", "flagUrl": "https://image.singular.live/b11e7cd2b2b32fdd0afb161e573d4e05/images/3sNYhqs13j8Rk2OzCOwToB_w160h100.png" },
  { "name": "Yvette Priestley", "flag": "gb", "flagUrl": "https://image.singular.live/b11e7cd2b2b32fdd0afb161e573d4e05/images/1Y5OyyJ2xVCo4SIHXIkrLy_w160h80.png" },
  { "name": "Jukka Pulkkinen", "flag": "fi", "flagUrl": "https://image.singular.live/b11e7cd2b2b32fdd0afb161e573d4e05/images/44WYqTMWgSjM8mLQ4TOgvP_w160h98.png" },
  { "name": "Rosine Pybus", "flag": "gb", "flagUrl": "https://image.singular.live/b11e7cd2b2b32fdd0afb161e573d4e05/images/1Y5OyyJ2xVCo4SIHXIkrLy_w160h80.png" },
  { "name": "Marguerite Quinn", "flag": "ie", "flagUrl": "https://image.singular.live/b11e7cd2b2b32fdd0afb161e573d4e05/images/3Yyt852YZZrL6f29auWF6g_w160h80.png" },
  { "name": "Pekka Rantanen", "flag": "fi", "flagUrl": "https://image.singular.live/b11e7cd2b2b32fdd0afb161e573d4e05/images/44WYqTMWgSjM8mLQ4TOgvP_w160h98.png" },
  { "name": "Naqi Rizvi", "flag": "gb", "flagUrl": "https://image.singular.live/b11e7cd2b2b32fdd0afb161e573d4e05/images/1Y5OyyJ2xVCo4SIHXIkrLy_w160h80.png" },
  { "name": "Deb Ivan Rodriguez", "flag": "gb", "flagUrl": "https://image.singular.live/b11e7cd2b2b32fdd0afb161e573d4e05/images/1Y5OyyJ2xVCo4SIHXIkrLy_w160h80.png" },
  { "name": "Ignacio Ruiz", "flag": "es", "flagUrl": "https://image.singular.live/b11e7cd2b2b32fdd0afb161e573d4e05/images/08hIi5NC3yLkMlQ0kSzlgT_w160h107.png" },
  { "name": "Lasse Saarinen", "flag": "fi", "flagUrl": "https://image.singular.live/b11e7cd2b2b32fdd0afb161e573d4e05/images/44WYqTMWgSjM8mLQ4TOgvP_w160h98.png" },
  { "name": "Daniela Schmidt", "flag": "de", "flagUrl": "https://image.singular.live/b11e7cd2b2b32fdd0afb161e573d4e05/images/1SJeT6groIhCfaiyWWdATh_w160h96.png" },
  { "name": "Charlotte Schwagmeier", "flag": "de", "flagUrl": "https://image.singular.live/b11e7cd2b2b32fdd0afb161e573d4e05/images/1SJeT6groIhCfaiyWWdATh_w160h96.png" },
  { "name": "Jarosław Skarżyński", "flag": "pl", "flagUrl": "https://image.singular.live/b11e7cd2b2b32fdd0afb161e573d4e05/images/3sNYhqs13j8Rk2OzCOwToB_w160h100.png" },
  { "name": "Dmytro Skasyrskyy", "flag": "ua", "flagUrl": "https://image.singular.live/b11e7cd2b2b32fdd0afb161e573d4e05/images/5bJ5ceffNlZTCa5BGe47wj_w160h107.png" },
  { "name": "Lars Stetten", "flag": "de", "flagUrl": "https://image.singular.live/b11e7cd2b2b32fdd0afb161e573d4e05/images/1SJeT6groIhCfaiyWWdATh_w160h96.png" },
  { "name": "Michał Stypa", "flag": "pl", "flagUrl": "https://image.singular.live/b11e7cd2b2b32fdd0afb161e573d4e05/images/3sNYhqs13j8Rk2OzCOwToB_w160h100.png" },
  { "name": "Rafał Sudoł", "flag": "pl", "flagUrl": "https://image.singular.live/b11e7cd2b2b32fdd0afb161e573d4e05/images/3sNYhqs13j8Rk2OzCOwToB_w160h100.png" },
  { "name": "Kamil Szulc", "flag": "pl", "flagUrl": "https://image.singular.live/b11e7cd2b2b32fdd0afb161e573d4e05/images/3sNYhqs13j8Rk2OzCOwToB_w160h100.png" },
  { "name": "Riitta Tienhaara", "flag": "fi", "flagUrl": "https://image.singular.live/b11e7cd2b2b32fdd0afb161e573d4e05/images/44WYqTMWgSjM8mLQ4TOgvP_w160h98.png" },
  { "name": "Sławomir Tolak - Ciszewski", "flag": "pl", "flagUrl": "https://image.singular.live/b11e7cd2b2b32fdd0afb161e573d4e05/images/3sNYhqs13j8Rk2OzCOwToB_w160h100.png" },
  { "name": "Filippa Tolaro", "flag": "it", "flagUrl": "https://image.singular.live/b11e7cd2b2b32fdd0afb161e573d4e05/images/5MOF4U3ogVnv1mKM3oJd7F_w160h107.png" },
  { "name": "Karolis Verbliugevicius", "flag": "lt", "flagUrl": "https://image.singular.live/b11e7cd2b2b32fdd0afb161e573d4e05/images/0HDufJIKSHFcTa18Z1NFrC_w160h96.png" },
  { "name": "Davide Viglianti", "flag": "it", "flagUrl": "https://image.singular.live/b11e7cd2b2b32fdd0afb161e573d4e05/images/5MOF4U3ogVnv1mKM3oJd7F_w160h107.png" },
  { "name": "Bernd Wiebe", "flag": "de", "flagUrl": "https://image.singular.live/b11e7cd2b2b32fdd0afb161e573d4e05/images/1SJeT6groIhCfaiyWWdATh_w160h96.png" },
  { "name": "Marian Wywiórski", "flag": "pl", "flagUrl": "https://image.singular.live/b11e7cd2b2b32fdd0afb161e573d4e05/images/3sNYhqs13j8Rk2OzCOwToB_w160h100.png" },
  { "name": "Indre Zuzevičiūtė Praškevičienė", "flag": "lt", "flagUrl": "https://image.singular.live/b11e7cd2b2b32fdd0afb161e573d4e05/images/0HDufJIKSHFcTa18Z1NFrC_w160h96.png" }
]
